"service_id","total_pns","total_days_completed","avg_daily_pns"
"5d4c0d1fe88b9a016f492509",0,0,0
"5d52e4b119ca9b0c7dde876b",0,0,0
"5d55fa0ea28df409f1a97a5c",0,0,0
"5e73c43c41e4ae057aa7fa31",0,0,0
"5e7ced16d590eb0346105395",0,0,0
"5f2be6d7e4b1e9033697f65b",0,0,0
"5f2be6d7e4b1e9033697f668",0,0,0
"5f2be6d7e4b1e9033697f680",0,0,0
"5f2be6d7e4b1e9033697f690",0,0,0
"5f3d736794738300247cd7f8",0,0,0
"5f3d736794738300247cd814",0,0,0
"63d1e39521108a040c8a6c37",0,0,0
"64411d4f0b79f10d5ad65baa",0,0,0
"67bdcb0e860c98544cfb9ced",0,0,0
