service_id,total_stars,avg_daily_stars,total_pns,avg_daily_pns,total_days_completed,missions_started,missions_completed,missions_aborted,races_started,popquizzes_started,popquizzes_completed,missing_missions,total_playtime,avg_daily_playtime,days_active,assemblesyllables_totalnumber,matchcollocations_totalnumber,matchsentenceblank_totalnumber,matchsynonyms_totalnumber,popquizcollocation_totalnumber,popquizsynonym_totalnumber,assemblesyllables_totaltime,matchcollocations_totaltime,matchsentenceblank_totaltime,matchsynonyms_totaltime,popquizcollocation_totaltime,popquizsynonym_totaltime,assemblesyllables_avgtime,matchcollocations_avgtime,matchsentenceblank_avgtime,matchsynonyms_avgtime,popquizcollocation_avgtime,popquizsynonym_avgtime,accuracy,total_learning_time,avg_response_time,unique_words_exposed,avg_interactions_per_word,words_with_9plus_exposures,trained_count,untrained_count,random_count,first_exposure_wrong,second_exposure_wrong,avg_exposure_attempts,total_exposures_wrong,avg_wic_attempts,total_wic_wrong,total_wrong,learned_trained_count,imputed_word_data,improved_learning_time
5d4c0d1fe88b9a016f49228f,48,8.0,48.0,8.0,0,11,8.0,3,0,0,0,0,55.95,9.33,6.0,16.0,4.0,6.0,22.0,,,143.85,22.56,56.75,127.51,0.0,0.0,9.75,5.61,7.15,5.82,,,0.63,559.12,7.36,16,4.75,2,11,0,5,0.0,0.0,3.0,0.0,1.0,0.0,0.0,2.0,False,350.67
5d4c0d1fe88b9a016f4922d9,22,4.4,22.0,4.4,0,10,4.0,3,0,0,0,3,48.9,6.99,7.0,9.0,2.0,1.0,10.0,,,70.38,35.73,17.87,99.18,0.0,0.0,9.05,17.87,17.87,9.69,,,0.64,56768.7,1351.64,9,4.67,0,5,0,4,0.0,0.0,3.0,0.0,1.0,0.0,0.0,,True,223.16
5d4c0d1fe88b9a016f492331,96,9.6,106.0,10.6,4,22,12.0,6,14,4,4,4,171.15,14.26,12.0,23.0,7.0,17.0,49.0,1.0,9.0,232.24,56.5,199.56,299.82,2.02,19.74,10.32,6.83,10.64,5.45,2.02,2.24,0.47,1624.4,7.96,23,8.87,13,17,0,6,4.0,6.0,12.5,25.0,6.67,11.0,36.0,2.0,False,809.88
5d4c0d1fe88b9a016f492354,7,2.33,7.0,2.33,0,5,2.0,1,0,0,0,2,29.17,7.29,4.0,3.0,1.0,,3.0,,,37.97,6.68,0.0,31.79,0.0,0.0,12.6,6.68,,10.6,,,0.58,127.4,10.62,3,4.0,0,0,0,3,0.0,0.0,3.0,0.0,1.0,0.0,0.0,,True,76.44
5d4c0d1fe88b9a016f49235b,20,4.0,20.0,4.0,0,8,3.0,1,0,0,0,4,33.81,5.64,6.0,8.0,2.0,1.0,9.0,,,74.29,24.35,11.3,67.46,0.0,0.0,10.9,12.17,11.3,7.54,,,0.69,262.27,9.04,8,3.62,0,4,0,4,0.0,0.0,3.0,0.0,1.0,0.0,0.0,1.0,False,177.4
5d4c0d1fe88b9a016f492375,157,10.47,172.0,11.47,6,45,21.0,14,19,6,6,10,259.02,17.27,15.0,39.0,18.0,29.0,71.0,,15.0,352.33,123.15,331.19,504.33,0.0,39.66,9.48,6.79,10.09,6.98,,2.85,0.52,5741.59,18.95,39,7.77,18,29,0,10,0.0,0.0,3.0,0.0,1.0,0.0,0.0,,True,1350.66
5d4c0d1fe88b9a016f49237e,64,8.0,67.0,8.38,2,15,7.0,4,18,1,1,4,96.01,8.0,12.0,18.0,4.0,13.0,29.0,1.0,2.0,155.74,25.06,142.73,215.22,4.04,5.72,8.99,6.26,12.09,7.9,4.04,2.86,0.79,683.97,8.34,18,4.56,2,12,0,6,0.0,0.0,3.0,0.0,1.0,0.0,0.0,5.0,False,548.51
5d4c0d1fe88b9a016f49238d,12,3.0,12.0,3.0,0,5,2.0,3,0,0,0,0,17.35,4.34,4.0,5.0,2.0,,5.0,,,58.51,12.21,0.0,41.02,0.0,0.0,11.23,6.11,,8.74,,,0.63,153.87,8.1,5,3.8,0,1,0,4,0.0,0.0,3.0,0.0,1.0,0.0,0.0,,True,111.74
5d4c0d1fe88b9a016f4923b4,85,9.44,95.0,10.56,3,29,17.0,4,7,3,3,8,139.02,12.64,11.0,20.0,5.0,18.0,42.0,1.0,9.0,182.17,29.57,222.89,256.86,2.05,22.67,9.63,5.91,11.07,6.04,2.05,2.55,0.59,1178.15,7.8,23,6.57,3,17,0,6,0.0,0.0,3.0,0.0,1.0,0.0,0.0,0.0,False,716.21
5d4c0d1fe88b9a016f492410,143,9.53,167.0,11.13,7,35,23.0,6,16,6,6,6,343.67,19.09,18.0,37.0,14.0,25.0,67.0,4.0,20.0,370.37,124.35,367.4,724.98,9.54,62.16,11.31,7.53,15.26,13.95,2.4,3.03,0.65,2581.64,12.01,33,6.52,7,25,0,8,3.0,6.0,6.53,27.0,3.95,19.0,46.0,13.0,False,1658.8
5d4c0d1fe88b9a016f49243f,33,5.5,33.0,5.5,1,18,4.0,14,0,0,0,0,108.76,10.88,10.0,10.0,2.0,7.0,14.0,,,131.02,36.01,115.61,128.99,0.0,0.0,12.18,18.01,15.6,9.2,,,0.61,693.72,12.85,10,5.4,1,6,0,4,0.0,0.0,3.0,0.0,1.0,0.0,0.0,2.0,False,411.63
5d4c0d1fe88b9a016f492452,131,10.92,152.0,12.67,6,36,22.0,13,17,6,5,1,266.4,22.2,12.0,30.0,17.0,22.0,62.0,2.0,19.0,256.64,116.17,399.85,426.29,27.49,69.16,8.75,6.68,17.33,7.31,13.75,3.61,0.61,2178.73,9.56,33,6.91,12,25,0,8,3.0,17.0,7.24,60.0,4.88,39.0,99.0,25.0,False,1295.6
5d4c0d1fe88b9a016f492453,69,7.67,74.0,8.22,2,19,8.0,10,6,2,2,1,146.02,14.6,10.0,18.0,5.0,13.0,33.0,2.0,3.0,193.51,36.41,318.45,371.91,9.31,10.97,10.68,7.28,30.99,16.16,4.66,3.57,0.69,1574.38,16.07,18,5.44,2,12,0,6,0.0,0.0,3.0,0.0,1.0,0.0,0.0,2.0,False,940.56
5d4c0d1fe88b9a016f492509,81,8.1,85.0,8.5,2,24,12.0,6,1,2,1,6,202.09,16.84,12.0,25.0,5.0,12.0,39.0,1.0,3.0,234.17,38.31,154.05,354.38,6.65,18.53,12.4,7.66,14.2,10.14,6.65,6.18,0.82,1129.49,10.76,25,4.2,2,19,0,6,2.0,1.0,4.5,12.0,2.33,10.0,22.0,18.0,False,806.09
5d52e4b119ca9b0c7dde876b,98,9.8,117.0,11.7,5,32,13.0,16,29,5,5,3,196.806,,12.0,27.0,7.0,17.0,47.0,3.0,16.0,200.23,43.61,191.54,302.87,9.39,47.21,8.79,6.05,12.71,6.31,3.41,2.97,0.7,1012.77,7.29,27,5.15,2,21,0,6,0.0,0.0,3.0,0.0,1.0,0.0,0.0,5.0,False,794.85
5d55fa0ea28df409f1a97a4e,47,7.83,53.0,8.83,2,19,7.0,9,4,2,2,3,134.48,12.23,11.0,15.0,3.0,8.0,21.0,1.0,5.0,190.76,22.05,104.65,168.63,1.84,19.79,12.84,7.35,13.66,8.91,1.84,4.01,0.62,746.58,9.82,15,5.07,1,11,0,4,0.0,0.0,3.0,0.0,1.0,0.0,0.0,2.0,False,507.72
5d55fa0ea28df409f1a97a58,15,3.0,15.0,3.0,0,13,2.0,10,0,0,0,1,163.71,20.46,8.0,5.0,2.0,2.0,6.0,,,73.05,21.22,49.48,43.44,0.0,0.0,16.87,10.61,24.74,7.75,,,0.38,415.05,10.64,5,7.8,2,1,0,4,0.0,0.0,3.0,0.0,1.0,0.0,0.0,,True,187.19
5d55fa0ea28df409f1a97a5c,63,9.0,72.0,10.29,2,23,8.0,11,10,2,2,4,130.41,14.49,9.0,18.0,3.0,15.0,27.0,1.0,8.0,122.32,19.18,180.51,152.15,3.5,18.79,6.48,6.39,14.51,6.0,3.5,2.35,0.79,650.59,7.31,20,4.45,0,14,0,6,0.0,0.0,3.0,0.0,1.0,0.0,0.0,7.0,False,496.45
5d5641802e0317170451fa69,4,2.0,4.0,2.0,0,4,1.0,3,0,0,0,0,22.34,5.58,4.0,3.0,,,1.0,,,34.29,0.0,0.0,8.91,0.0,0.0,11.43,,,8.91,,,0.8,48.13,9.63,3,1.67,0,0,0,3,0.0,0.0,3.0,0.0,1.0,0.0,0.0,,True,43.2
5d56ea27477f4d0295a3de62,15,3.0,15.0,3.0,0,11,2.0,7,0,0,0,2,58.66,9.78,6.0,6.0,2.0,1.0,6.0,,,87.03,14.82,5.63,46.64,0.0,0.0,13.68,7.41,5.63,7.3,,,0.5,255.82,8.53,6,5.0,0,2,0,4,0.0,0.0,3.0,0.0,1.0,0.0,0.0,,True,154.12
5d56ea27477f4d0295a3de83,22,4.4,27.0,5.4,1,9,4.0,4,1,1,1,1,51.22,10.24,5.0,8.0,2.0,3.0,9.0,1.0,4.0,116.69,47.0,110.81,114.24,8.8,43.3,16.02,23.5,36.94,13.88,8.8,10.83,0.67,247993.6,7514.96,8,4.12,0,4,0,4,0.0,0.0,3.0,0.0,1.0,0.0,0.0,0.0,False,440.84
5d88564d26ca7909d8fb9d08,234,12.32,261.0,13.74,8,46,34.0,12,10,8,8,0,272.02,14.32,19.0,52.0,37.0,54.0,91.0,7.0,20.0,419.52,252.87,768.58,610.08,17.89,54.26,9.11,6.7,14.75,6.65,2.61,2.83,0.67,3040.1,8.74,52,6.69,11,30,1,21,0.0,2.0,4.21,7.0,2.07,5.0,12.0,10.0,False,2123.2
5daa2b2c72f0230b637168e4,74,9.25,80.0,10.0,2,15,12.0,0,5,2,2,3,101.94,12.74,8.0,21.0,4.0,15.0,34.0,1.0,5.0,150.22,52.98,123.16,207.54,2.19,12.47,8.95,13.25,9.67,5.91,2.19,2.44,0.67,6124.99,55.18,21,5.29,1,15,0,6,0.0,0.0,3.0,0.0,1.0,0.0,0.0,2.0,False,548.56
5dcaa7719cac4b08193c563e,2,2.0,2.0,2.0,0,1,0.0,1,0,0,0,0,10.84,5.42,2.0,2.0,,,,,,36.21,0.0,0.0,0.0,0.0,0.0,18.11,,,,,,0.67,44.69,14.9,2,1.5,0,0,0,2,0.0,0.0,3.0,0.0,1.0,0.0,0.0,,True,36.21
5e736f994b7e1505b51a28cf,69,9.86,78.0,11.14,2,22,8.0,10,4,2,2,4,90.11,10.01,9.0,19.0,4.0,14.0,32.0,2.0,7.0,129.09,45.11,350.48,264.05,13.14,34.35,6.65,11.28,31.77,8.79,6.57,5.25,0.81,936.55,11.02,19,4.47,2,13,0,6,0.0,2.0,4.53,9.0,2.13,4.0,13.0,10.0,False,836.22
5e736f9a4b7e1505b51a28f3,104,10.4,126.0,12.6,6,29,16.0,12,1,6,6,1,189.22,17.2,11.0,26.0,8.0,18.0,52.0,3.0,19.0,201.62,87.99,214.93,449.9,6.88,43.71,8.55,11.77,12.9,9.89,2.29,2.31,0.72,1403.54,9.75,26,5.54,4,20,0,6,2.0,5.0,5.48,24.0,3.04,16.0,40.0,17.0,False,1005.03
5e736f9a4b7e1505b51a2904,129,9.92,138.0,10.62,7,35,19.0,12,15,5,5,4,294.14,21.01,14.0,32.0,15.0,26.0,56.0,1.0,8.0,267.09,88.48,246.4,379.24,1.23,17.02,8.6,5.76,8.58,6.48,1.23,1.88,0.51,4471.36,17.6,32,7.94,11,24,0,8,8.0,17.0,9.76,79.0,6.72,51.0,130.0,19.0,False,999.46
5e736f9a4b7e1505b51a2905,35,5.0,35.0,5.0,0,11,3.0,6,0,0,0,2,61.83,8.83,7.0,11.0,2.0,6.0,16.0,,,111.15,36.02,146.72,170.71,0.0,0.0,11.29,18.01,26.96,10.68,,,0.78,600.83,13.06,12,3.83,0,8,0,4,0.0,0.0,3.0,0.0,1.0,0.0,0.0,3.0,False,464.6
5e736f9a4b7e1505b51a2909,55,7.86,56.0,8.0,3,20,6.0,11,0,1,1,3,105.99,13.25,8.0,14.0,4.0,13.0,24.0,,1.0,136.11,40.08,226.29,175.82,0.0,5.71,9.8,10.02,18.39,7.51,,5.71,0.67,856.54,10.32,15,5.53,1,11,0,4,1.0,0.0,5.67,4.0,2.33,1.0,5.0,2.0,False,584.01
5e73c43c41e4ae057aa7fa17,290,12.61,354.0,15.39,15,68,47.0,15,76,14,13,6,582.64,24.28,24.0,70.0,38.0,70.0,112.0,18.0,46.0,425.68,333.95,691.02,966.93,68.52,153.34,5.97,9.68,10.77,10.45,4.45,3.22,0.91,2729.95,8.78,67,4.64,2,30,0,37,2.0,8.0,3.83,17.0,1.66,7.0,24.0,30.0,False,2639.44
5e73c43c41e4ae057aa7fa31,44,8.8,47.0,9.4,2,15,7.0,8,4,1,1,0,78.3,13.05,6.0,14.0,3.0,7.0,20.0,1.0,2.0,123.3,18.73,124.04,145.91,6.99,4.5,9.5,6.24,17.34,6.65,6.99,2.25,0.52,754.14,8.87,14,6.07,2,10,0,4,0.0,0.0,3.0,0.0,1.0,0.0,0.0,,True,423.47
5e73c43c41e4ae057aa7fa35,80,8.0,84.0,8.4,1,23,9.0,13,0,1,1,1,152.04,12.67,12.0,24.0,5.0,14.0,37.0,,4.0,216.17,46.92,159.67,304.9,0.0,18.1,9.6,9.38,13.62,9.41,,4.53,0.79,961.7,9.52,24,4.21,2,18,0,6,1.0,1.0,4.7,7.0,2.0,3.0,10.0,7.0,False,745.76
5e7ced16d590eb0346105395,20,4.0,20.0,4.0,0,12,3.0,7,0,0,0,2,45.25,5.66,8.0,7.0,2.0,3.0,8.0,,,79.57,10.55,47.27,66.53,0.0,0.0,12.99,5.27,14.13,8.03,,,0.43,504.18,10.96,7,6.57,2,3,0,4,0.0,0.0,3.0,0.0,1.0,0.0,0.0,,True,203.92
5e7ced16d590eb034610539a,69,7.67,74.0,8.22,3,18,9.0,8,1,1,1,1,112.86,12.54,9.0,20.0,4.0,12.0,33.0,1.0,4.0,148.34,24.51,103.65,294.02,1.73,12.48,7.42,6.13,8.77,8.6,1.73,3.12,0.82,672.56,7.91,20,4.25,1,14,0,6,0.0,2.0,3.64,4.0,1.29,0.0,4.0,9.0,False,584.73
5e7ced16d590eb03461053a3,162,11.57,178.0,12.71,8,33,22.0,1,32,7,7,10,377.81,25.19,15.0,39.0,20.0,28.0,75.0,2.0,14.0,323.28,165.55,364.2,514.7,4.46,35.87,8.63,8.01,14.49,7.07,2.23,2.43,0.58,2400.01,8.42,40,7.12,15,30,0,10,3.0,20.0,8.46,70.0,6.0,46.0,116.0,22.0,False,1408.06
5e7ced16d590eb03461053a6,102,11.33,120.0,13.33,5,20,14.0,2,8,5,5,4,137.47,11.46,12.0,25.0,6.0,21.0,50.0,2.0,16.0,188.29,41.84,353.46,456.58,7.84,35.34,8.39,6.97,15.32,9.9,3.92,2.23,0.58,1770.72,10.0,25,7.08,8,19,0,6,0.0,0.0,3.0,0.0,1.0,0.0,0.0,2.0,False,1083.35
5e7ced16d590eb03461053a8,21,7.0,24.0,8.0,1,5,4.0,1,1,1,1,0,28.42,9.47,3.0,8.0,2.0,4.0,7.0,1.0,2.0,79.22,16.76,54.29,58.79,24.14,2.99,11.95,8.38,13.57,9.54,24.14,1.49,0.66,323.99,10.12,8,4.0,0,4,0,4,0.0,0.0,3.0,0.0,1.0,0.0,0.0,1.0,False,236.19
5e7ced16d590eb03461053ac,34,4.86,34.0,4.86,1,14,3.0,7,0,0,0,4,113.89,12.65,9.0,9.0,2.0,8.0,15.0,,,147.06,17.73,109.38,136.88,0.0,0.0,21.17,8.87,12.58,9.51,,,0.58,726.1,11.35,10,6.4,2,6,0,4,0.0,0.0,3.0,0.0,1.0,0.0,0.0,1.0,False,411.05
5e7ced16d590eb03461053ae,174,13.38,217.0,16.69,11,35,30.0,5,97,10,10,0,274.416,,14.2,45.0,21.0,36.0,72.0,11.0,32.0,347.14,140.16,365.12,463.95,30.69,79.42,8.46,6.88,11.42,6.68,2.48,2.41,0.87,3034.4,15.17,45,4.44,3,30,0,15,3.0,4.0,4.49,25.0,2.31,19.0,44.0,30.0,False,1426.48
5e7ced16d590eb03461053b4,89,8.09,99.0,9.0,3,19,9.0,6,4,3,3,4,224.02,18.67,12.0,20.0,6.0,20.0,43.0,2.0,8.0,205.56,56.58,277.26,416.6,42.21,73.56,12.36,9.43,14.3,8.78,21.11,10.78,0.61,1574.36,10.78,20,7.3,10,14,0,6,4.0,10.0,8.0,34.0,5.07,18.0,52.0,11.0,False,1071.77
5f2be6d7e4b1e9033697f5b1,21,4.2,21.0,4.2,1,9,3.0,4,1,1,1,2,61.73,10.29,6.0,7.0,2.0,2.0,10.0,,,53.22,17.47,38.93,98.27,0.0,0.0,8.39,8.74,19.46,11.82,,,0.58,354.4,9.33,8,4.75,1,4,0,4,0.0,0.0,3.0,0.0,1.0,0.0,0.0,2.0,False,207.89
5f2be6d7e4b1e9033697f64d,153,13.91,186.0,16.91,8,36,22.0,12,18,7,7,2,258.48,23.5,11.0,38.0,17.0,34.0,64.0,6.0,27.0,294.17,147.1,501.0,513.27,35.3,129.42,8.41,8.29,16.45,9.18,6.28,4.68,0.83,1807.86,9.77,38,4.87,1,28,0,10,3.0,10.0,4.79,25.0,2.16,6.0,31.0,28.0,False,1620.26
5f2be6d7e4b1e9033697f650,106,8.83,120.0,10.0,5,38,15.0,20,10,4,4,3,292.77,22.52,13.0,28.0,8.0,16.0,54.0,3.0,11.0,217.62,80.42,186.49,456.4,14.35,41.38,8.25,10.89,11.24,9.67,4.78,3.75,0.7,1247.85,8.26,28,5.39,4,22,0,6,1.0,13.0,6.75,46.0,4.32,33.0,79.0,22.0,False,996.66
5f2be6d7e4b1e9033697f659,8,8.0,8.0,8.0,1,4,2.0,2,0,0,0,0,14.59,4.86,3.0,4.0,1.0,,3.0,,,45.97,4.29,0.0,21.32,0.0,0.0,11.49,4.29,,6.65,,,0.67,97.24,8.1,4,3.0,0,0,0,4,0.0,0.0,3.0,0.0,1.0,0.0,0.0,,True,71.58
5f2be6d7e4b1e9033697f65b,21,5.25,21.0,5.25,0,11,4.0,6,0,0,0,1,49.33,8.22,6.0,6.0,2.0,3.0,10.0,,,81.81,14.42,83.02,90.1,0.0,0.0,14.86,7.21,27.67,8.75,,,0.54,460.59,11.81,6,6.5,2,2,0,4,0.0,0.0,3.0,0.0,1.0,0.0,0.0,,True,269.35
5f2be6d7e4b1e9033697f65c,81,9.0,88.0,9.78,3,23,12.0,8,8,3,3,3,152.44,13.86,11.0,21.0,5.0,16.0,39.0,,7.0,162.31,32.93,117.88,241.06,0.0,64.02,8.15,6.59,9.34,5.96,,10.17,0.62,980.58,7.16,22,6.23,5,16,0,6,5.0,8.0,7.62,38.0,4.88,22.0,60.0,11.0,False,618.2
5f2be6d7e4b1e9033697f65f,134,13.4,147.0,14.7,5,33,18.0,11,25,4,4,4,244.01,22.18,11.0,33.0,13.0,27.0,61.0,2.0,11.0,337.2,112.31,461.08,460.87,7.59,60.3,10.66,8.36,14.88,7.12,3.79,4.85,0.53,2405.0,9.54,33,7.64,13,25,0,8,12.0,19.0,9.18,95.0,6.88,68.0,163.0,25.0,False,1439.35
5f2be6d7e4b1e9033697f668,3,3.0,3.0,3.0,0,2,1.0,0,0,0,0,1,50.78,16.93,3.0,3.0,,,,,,22.65,0.0,0.0,0.0,0.0,0.0,7.55,,,,,,1.0,22.64,7.55,3,1.0,0,0,0,3,0.0,0.0,3.0,0.0,1.0,0.0,0.0,,True,22.65
5f2be6d7e4b1e9033697f66f,60,8.57,76.0,10.86,4,17,8.0,7,18,4,4,2,178.66,14.89,12.0,17.0,4.0,12.0,27.0,4.0,12.0,120.96,28.6,120.1,223.83,15.62,99.44,7.08,7.15,11.0,7.69,3.9,7.84,0.79,621.88,8.18,17,4.47,1,11,0,6,0.0,1.0,4.18,5.0,1.82,4.0,9.0,6.0,False,608.55
5f2be6d7e4b1e9033697f674,79,8.78,88.0,9.78,3,18,9.0,7,2,3,3,2,148.49,14.85,10.0,18.0,5.0,19.0,37.0,2.0,7.0,130.58,23.43,244.28,226.46,5.55,23.65,7.82,4.39,13.02,6.12,2.77,3.38,0.66,289142.07,2389.6,18,6.72,4,12,0,6,2.0,3.0,6.27,15.0,4.0,11.0,26.0,6.0,False,653.95
5f2be6d7e4b1e9033697f67b,89,11.12,110.0,13.75,6,22,16.0,4,28,5,5,2,187.8,23.48,8.0,24.0,5.0,18.0,42.0,5.0,16.0,160.27,26.46,177.82,251.08,13.8,53.1,7.65,5.29,11.31,6.67,2.76,3.3,0.79,859.57,7.41,24,4.83,1,18,0,6,0.0,0.0,3.0,0.0,1.0,0.0,0.0,9.0,False,682.53
5f2be6d7e4b1e9033697f680,107,10.7,120.0,12.0,5,27,16.0,11,7,3,3,0,153.95,15.4,10.0,27.0,9.0,18.0,53.0,,13.0,242.77,53.85,197.53,377.49,0.0,30.37,10.05,5.84,12.82,6.95,,2.32,0.6,1356.28,7.66,27,6.56,6,21,0,6,0.0,0.0,3.0,0.0,1.0,0.0,0.0,2.0,False,902.01
5f2be6d7e4b1e9033697f685,47,6.71,47.0,6.71,1,22,7.0,15,1,0,0,0,151.53,18.94,8.0,16.0,3.0,7.0,21.0,,,133.42,39.31,99.97,193.85,0.0,0.0,9.94,13.1,16.75,10.19,,,0.69,712.42,10.48,16,4.25,0,11,0,5,0.0,0.0,3.0,0.0,1.0,0.0,0.0,1.0,False,466.55
5f2be6d7e4b1e9033697f68d,107,8.92,119.0,9.92,5,21,15.0,5,7,3,3,1,200.44,16.7,12.0,27.0,8.0,22.0,50.0,,12.0,199.65,84.67,309.2,383.32,0.0,59.85,8.34,10.65,14.55,7.77,,4.8,0.74,1397.36,9.7,27,5.33,4,21,0,6,1.0,5.0,4.88,15.0,2.59,7.0,22.0,12.0,False,1036.69
5f2be6d7e4b1e9033697f690,84,9.33,107.0,11.89,5,18,15.0,2,11,5,5,1,240.82,21.89,11.0,24.0,5.0,15.0,40.0,2.0,21.0,192.83,34.35,116.33,253.03,6.16,69.24,10.06,6.87,8.33,6.85,3.08,3.24,0.82,740.58,7.26,24,4.25,1,18,0,6,2.0,4.0,4.48,14.0,2.0,6.0,20.0,15.0,False,671.94
5f2be6d7e4b1e9033697f69e,88,8.8,98.0,9.8,3,21,14.0,5,32,3,3,2,136.16,11.35,12.0,23.0,5.0,20.0,40.0,2.0,8.0,246.77,43.87,280.87,331.65,5.17,27.66,11.06,9.59,15.01,8.6,2.58,3.49,0.69,1333.33,10.18,24,5.46,6,18,0,6,1.0,3.0,5.42,12.0,3.17,10.0,22.0,8.0,False,935.99
5f2be6d8e4b1e9033697f6b8,170,12.14,184.0,13.14,4,40,19.0,15,6,4,3,6,370.77,26.48,14.0,38.0,18.0,43.0,71.0,5.0,9.0,316.84,140.01,830.85,676.94,24.68,23.02,8.89,7.34,20.49,9.35,5.45,2.47,0.72,2979.31,12.41,38,6.32,9,28,0,10,1.0,10.0,5.47,36.0,3.33,25.0,61.0,26.0,False,2012.34
5f2be6d8e4b1e9033697f6c7,58,9.67,75.0,12.5,4,14,10.0,4,23,4,4,0,145.51,20.79,7.0,16.0,4.0,11.0,27.0,4.0,13.0,111.28,25.62,82.15,168.18,17.04,43.35,7.63,6.41,8.92,5.82,4.26,3.82,0.68,83822.81,986.15,16,5.31,0,11,0,5,0.0,0.0,3.0,0.0,1.0,0.0,0.0,3.0,False,447.62
5f3ab05ec0b8b509bbf6a567,100,10.0,112.0,11.2,5,34,15.0,16,21,5,5,3,271.44,22.62,12.0,25.0,7.0,19.0,49.0,1.0,11.0,233.95,46.2,241.41,314.7,1.06,42.92,11.28,6.6,10.33,6.6,1.06,3.71,0.52,1619.06,8.35,25,7.76,6,19,0,6,2.0,6.0,10.0,19.0,6.57,13.0,32.0,3.0,False,880.24
5f3d736794738300247cd7e7,89,8.9,99.0,9.9,3,35,10.0,23,6,3,3,2,232.35,21.12,11.0,22.0,5.0,18.0,44.0,1.0,9.0,209.42,49.97,476.3,400.75,9.16,40.76,11.17,9.99,24.28,9.01,9.16,4.5,0.63,1727.32,12.25,22,6.41,5,16,0,6,0.0,0.0,3.0,0.0,1.0,0.0,0.0,2.0,False,1186.36
5f3d736794738300247cd7ec,28,5.6,32.0,6.4,1,8,4.0,2,0,1,1,2,46.06,7.68,6.0,11.0,2.0,2.0,13.0,1.0,3.0,127.59,14.44,31.08,123.33,23.52,5.5,11.11,7.22,15.54,9.31,23.52,1.83,0.5,7668.78,132.22,11,5.27,2,7,0,4,0.0,0.0,3.0,0.0,1.0,0.0,0.0,,True,325.46
5f3d736794738300247cd7f8,42,5.25,45.0,5.62,2,23,10.0,12,8,1,1,1,138.71,15.41,9.0,11.0,2.0,8.0,21.0,,3.0,99.0,17.41,75.34,141.74,0.0,9.64,10.44,8.71,9.78,8.0,,3.21,0.72,445.81,7.69,11,5.27,1,7,0,4,2.0,3.0,6.0,13.0,2.64,3.0,16.0,7.0,False,343.13
5f3d736794738300247cd801,106,10.6,117.0,11.7,3,21,13.0,6,8,3,3,2,161.86,16.19,10.0,22.0,6.0,25.0,53.0,1.0,10.0,139.38,46.29,263.5,306.12,3.53,25.9,6.74,7.96,11.9,6.43,3.53,2.8,0.81,990.69,7.34,25,5.4,3,19,0,6,2.0,7.0,5.16,18.0,2.8,10.0,28.0,19.0,False,784.72
5f3d736794738300247cd813,3,3.0,3.0,3.0,0,3,1.0,2,0,0,0,0,24.99,8.33,3.0,3.0,,,,,,25.61,0.0,0.0,0.0,0.0,0.0,8.54,,,,,,1.0,25.59,8.53,3,1.0,0,0,0,3,0.0,0.0,3.0,0.0,1.0,0.0,0.0,0.0,False,25.61
5f3d736794738300247cd814,55,6.88,58.0,7.25,1,24,6.0,18,1,1,1,0,207.37,17.28,12.0,15.0,5.0,9.0,26.0,,3.0,154.74,46.21,169.02,218.67,0.0,13.12,11.69,9.24,23.1,7.81,,4.37,0.6,928.12,10.09,15,6.13,3,11,0,4,0.0,0.0,3.0,0.0,1.0,0.0,0.0,1.0,False,601.76
5f5b7ce9c2c291284d29b4b1,29,9.67,38.0,12.67,2,12,4.0,8,2,2,2,0,42.73,8.55,5.0,11.0,2.0,,16.0,2.0,7.0,109.09,12.92,0.0,97.98,5.39,19.9,11.2,6.46,,6.14,2.7,2.99,0.81,265.85,7.38,11,3.27,0,7,0,4,0.0,0.0,3.0,0.0,1.0,0.0,0.0,4.0,False,245.28
5f8d913f9953ab0654c9012c,39,5.57,44.0,6.29,1,10,4.0,1,1,1,1,5,85.86,8.59,10.0,9.0,3.0,7.0,20.0,1.0,4.0,85.07,19.17,77.52,148.33,7.67,12.96,10.32,6.39,12.99,7.5,7.67,3.24,0.8,399.03,7.82,10,5.1,0,6,0,4,0.0,0.0,3.0,0.0,1.0,0.0,0.0,4.0,False,350.72
5f9c8992342a32392540e70b,113,9.42,140.0,11.67,6,36,28.0,8,0,6,6,0,145.64,12.14,12.0,32.0,16.0,21.0,44.0,9.0,18.0,307.58,114.98,234.29,298.77,27.41,43.2,9.64,7.81,11.8,7.53,2.94,2.36,0.89,1082.44,8.52,32,3.97,0,20,1,11,0.0,0.0,3.0,0.0,1.0,0.0,0.0,11.0,False,1026.23
5fab181c708c22005ba08d28,109,7.27,118.0,7.87,4,33,13.0,18,1,3,3,2,166.66,11.11,15.0,29.0,14.0,25.0,41.0,3.0,6.0,220.97,81.13,407.47,264.55,6.42,11.56,7.81,6.02,13.18,6.86,1.66,1.71,0.55,1839.46,9.24,29,6.86,8,17,1,11,0.0,0.0,3.0,0.0,1.0,0.0,0.0,,True,992.1
5fb27a996f1ede06f0f04bee,196,14.0,219.0,15.64,9,34,25.0,6,47,7,6,3,344.36,24.6,14.0,44.0,23.0,49.0,80.0,4.0,19.0,359.06,176.06,556.93,591.38,10.57,58.39,8.8,8.07,12.39,7.65,2.64,3.04,0.66,2640.25,8.6,45,6.82,16,30,0,15,9.0,25.0,7.02,79.0,3.91,39.0,118.0,30.0,False,1752.39
6021bf2e609c0307f35d0512,52,4.73,52.0,4.73,0,22,6.0,15,0,0,0,1,93.02,7.16,13.0,15.0,3.0,9.0,25.0,,,104.59,24.01,136.24,196.09,0.0,0.0,6.87,8.0,15.87,8.13,,,0.64,714.31,8.93,15,5.33,2,7,1,7,0.0,0.0,3.0,0.0,1.0,0.0,0.0,1.0,False,460.93
61004bda3391170a2edae7d5,88,9.78,91.0,10.11,3,22,11.0,7,7,1,1,4,118.18,10.74,11.0,21.0,6.0,21.0,40.0,,3.0,238.85,48.31,487.76,387.34,0.0,11.4,13.96,8.05,36.33,10.13,,3.8,0.72,1833.73,15.03,21,5.81,4,15,0,6,3.0,5.0,6.56,25.0,3.0,8.0,33.0,11.0,False,1173.66
61004bda3391170a2edae7db,111,9.25,118.0,9.83,3,34,14.0,19,1,2,2,1,367.85,28.3,13.0,30.0,9.0,22.0,50.0,1.0,6.0,193.15,57.37,150.86,449.23,2.12,16.41,6.87,6.51,9.21,9.83,2.12,2.65,0.83,1551.11,11.58,30,4.47,1,23,0,7,1.0,7.0,4.9,22.0,2.37,9.0,31.0,23.0,False,869.14
6102ffcc0d043902e8dc8811,149,12.42,174.0,14.5,6,35,19.0,14,84,6,6,2,308.94,23.76,13.0,39.0,16.0,30.0,64.0,7.0,18.0,351.46,133.48,376.49,696.6,26.37,64.93,9.65,7.8,12.73,11.35,3.79,3.67,0.76,2085.91,10.7,39,5.0,5,29,0,10,4.0,8.0,4.9,25.0,2.49,14.0,39.0,29.0,False,1649.33
6109506f045ae600445815b4,98,8.91,113.0,10.27,4,37,11.0,26,22,4,4,0,190.35,14.64,13.0,24.0,5.0,24.0,45.0,3.0,12.0,207.91,64.14,247.02,279.55,5.26,23.93,8.37,12.83,12.36,6.4,1.75,2.0,0.87,958.6,8.48,24,4.71,1,18,0,6,0.0,3.0,4.43,12.0,2.17,7.0,19.0,17.0,False,827.81
61142149bd77291f1dfcea83,68,7.56,77.0,8.56,2,26,7.0,9,1,2,2,10,108.12,9.83,11.0,15.0,5.0,14.0,34.0,3.0,6.0,158.15,37.82,199.59,263.41,17.62,41.98,14.22,7.56,16.95,7.69,5.06,7.0,0.69,1155.69,9.55,23,5.26,1,17,0,6,2.0,6.0,6.33,18.0,3.53,10.0,28.0,11.0,False,718.57
611cf4ca00a13103ab65c14b,89,6.85,89.0,6.85,1,21,10.0,11,0,0,0,0,141.09,9.41,15.0,21.0,12.0,19.0,37.0,,,177.49,123.36,334.12,312.4,0.0,0.0,8.7,10.64,18.13,8.73,,,0.72,1302.9,10.59,21,5.86,4,11,1,9,0.0,1.0,4.67,6.0,1.89,2.0,8.0,5.0,False,947.37
611d71ca810b491ec5ebd5f9,155,11.07,166.0,11.86,4,41,16.0,15,11,3,3,10,351.08,23.41,15.0,35.0,18.0,32.0,70.0,2.0,9.0,350.1,128.67,728.46,668.84,6.98,32.31,11.69,7.15,22.23,9.52,3.49,3.45,0.65,29498.32,121.39,36,6.75,8,26,0,10,1.0,3.0,6.0,14.0,2.91,5.0,19.0,6.0,False,1915.36
611d71ca810b491ec5ebd5fa,79,8.78,87.0,9.67,2,22,7.0,10,3,2,2,5,113.82,10.35,11.0,23.0,5.0,16.0,35.0,,8.0,237.5,44.52,145.46,359.24,0.0,26.44,10.2,8.9,10.15,11.34,,3.41,0.88,191676.54,2061.04,23,4.04,0,17,0,6,0.0,0.0,3.23,1.0,1.15,0.0,1.0,8.0,False,813.16
611fe889523bf110b714d5ae,27,5.4,27.0,5.4,0,11,2.0,7,0,0,0,2,46.7,9.34,5.0,10.0,2.0,3.0,12.0,,,113.26,12.96,53.02,100.65,0.0,0.0,13.82,6.48,15.71,9.67,,,0.61,1304.21,29.64,10,4.4,2,6,0,4,0.0,0.0,3.0,0.0,1.0,0.0,0.0,,True,279.89
6171ce92c159270f01c43a9c,33,6.6,33.0,6.6,2,13,5.0,6,0,0,0,2,65.26,10.88,6.0,9.0,2.0,8.0,14.0,,,123.69,9.73,72.27,100.26,0.0,0.0,18.8,4.86,9.65,7.7,,,0.67,470.04,9.59,9,5.44,1,5,0,4,0.0,0.0,3.0,0.0,1.0,0.0,0.0,1.0,False,305.95
618db4b4bef73809d21f81e7,30,6.0,35.0,7.0,1,10,5.0,0,1,1,1,5,38.86,4.86,8.0,11.0,2.0,1.0,16.0,1.0,4.0,95.91,21.19,11.99,131.86,2.98,13.82,10.06,10.6,11.99,9.27,2.98,3.45,0.67,391.47,8.7,11,4.09,0,7,0,4,0.0,0.0,3.0,0.0,1.0,0.0,0.0,2.0,False,277.75
61e090285a8f9841235ae39f,12,2.4,12.0,2.4,0,7,1.0,4,0,0,0,2,37.8,7.56,5.0,5.0,2.0,,5.0,,,140.39,14.38,0.0,98.78,0.0,0.0,23.09,7.19,,24.5,,,0.41,508.07,17.52,5,5.8,0,1,0,4,2.0,3.0,8.75,11.0,4.75,5.0,16.0,1.0,False,253.55
61f0be54be9a7c1d4e9b7c66,9,3.0,9.0,3.0,0,5,2.0,3,0,0,0,0,24.73,6.18,4.0,3.0,2.0,,4.0,,,28.86,8.82,0.0,26.89,0.0,0.0,9.97,4.41,,6.85,,,0.82,76.8,6.98,3,3.67,0,0,0,3,0.0,0.0,3.0,0.0,1.0,0.0,0.0,,True,64.57
61fb09b7b37b920de810f34d,116,7.25,116.0,7.25,1,48,12.0,36,0,0,0,0,225.22,11.85,19.0,26.0,16.0,26.0,48.0,,,220.72,124.78,355.32,370.12,0.0,0.0,9.08,7.77,14.58,7.65,,,0.63,1694.04,9.31,26,7.0,10,15,1,10,0.0,0.0,3.0,0.0,1.0,0.0,0.0,3.0,False,1070.94
62968c94929d68045116d328,164,9.65,186.0,10.94,6,43,18.0,22,2,5,5,3,224.84,12.49,18.0,42.0,19.0,35.0,68.0,7.0,15.0,316.54,127.15,319.1,460.28,26.01,42.79,7.52,6.78,9.78,7.51,4.1,2.85,0.91,1348.15,7.41,42,4.33,1,29,1,12,0.0,1.0,3.17,3.0,1.07,0.0,3.0,21.0,False,1291.87
6297de0b70cd210229cad86b,113,8.07,127.0,9.07,5,39,15.0,15,4,5,4,9,179.4,10.55,17.0,30.0,18.0,28.0,37.0,3.0,11.0,233.42,134.29,336.17,240.1,7.47,36.38,8.36,7.63,14.29,6.95,2.67,3.35,0.72,1334.46,8.39,30,5.3,2,17,1,12,0.0,0.0,3.0,0.0,1.0,0.0,0.0,4.0,False,987.83
62a26a16be9a7c001be79026,184,11.5,223.0,13.94,10,37,29.0,6,21,9,9,2,281.16,16.54,17.0,41.0,24.0,37.0,82.0,13.0,26.0,272.12,196.83,530.46,557.15,31.08,85.67,6.63,7.87,14.17,6.5,2.48,3.12,0.74,1954.3,7.98,41,5.98,5,27,1,13,1.0,1.0,3.92,6.0,1.33,0.0,6.0,7.0,False,1673.31
62e14e176e5de41b053f3acb,327,14.22,388.0,16.87,16,78,51.0,20,307,16,16,7,985.44,37.9,26.0,81.0,46.0,64.0,136.0,21.0,40.0,742.71,335.49,855.18,1057.6,59.89,199.87,10.23,7.41,13.35,8.21,2.8,5.15,0.57,5154.06,8.75,83,7.1,31,30,0,53,0.0,0.0,3.0,0.0,1.0,0.0,0.0,2.0,False,3250.74
62eaad610a343e622a7c150d,91,9.1,96.0,9.6,2,24,9.0,9,1,2,2,6,132.26,13.23,10.0,23.0,7.0,16.0,45.0,1.0,4.0,262.2,73.33,247.78,389.61,9.65,18.36,11.39,11.58,16.18,8.69,9.65,5.01,0.57,1576.46,9.79,23,7.0,8,17,0,6,0.0,0.0,3.0,0.0,1.0,0.0,0.0,1.0,False,1000.93
62eaad610a343e622a7c1515,32,8.0,35.0,8.75,1,7,4.0,0,1,1,1,3,51.31,10.26,5.0,10.0,3.0,4.0,15.0,1.0,2.0,103.03,47.33,73.56,156.44,7.36,3.9,9.89,15.78,16.52,10.43,7.36,1.95,0.58,633.4,11.52,10,5.5,3,6,0,4,0.0,0.0,3.0,0.0,1.0,0.0,0.0,1.0,False,391.62
62f6d1fa3d2cc21b04da2d62,81,10.12,94.0,11.75,4,16,13.0,3,75,4,4,0,142.69,15.85,9.0,19.0,6.0,16.0,40.0,1.0,12.0,153.62,47.51,156.86,284.79,4.17,35.38,9.41,7.92,10.46,7.45,4.17,2.87,0.7,923.7,8.03,19,6.05,4,13,0,6,0.0,0.0,3.0,0.0,1.0,0.0,0.0,5.0,False,682.33
62fc7b5560e8b80dda61b61f,56,7.0,56.0,7.0,2,18,8.0,6,0,0,0,4,114.85,11.48,10.0,16.0,4.0,12.0,24.0,,,118.15,32.86,123.64,154.26,0.0,0.0,8.05,8.22,11.93,6.81,,,0.79,542.85,7.54,16,4.5,0,11,0,5,0.0,0.0,3.0,0.0,1.0,0.0,0.0,4.0,False,428.91
62feb561aca92c1599166d13,277,15.39,326.0,18.11,13,53,42.0,9,19,12,12,2,326.66,18.15,18.0,65.0,47.0,67.0,98.0,14.0,35.0,425.41,319.23,615.72,599.56,32.56,77.01,6.85,6.76,9.73,6.08,2.21,2.15,0.73,2847.6,7.47,65,5.86,11,30,1,34,0.0,0.0,3.3,2.0,1.39,2.0,4.0,14.0,False,2069.49
62feb561aca92c1599166d19,79,6.08,79.0,6.08,0,27,9.0,18,0,0,0,0,124.01,8.27,15.0,21.0,9.0,17.0,32.0,,,161.84,68.98,331.43,237.81,0.0,0.0,7.81,7.67,20.54,7.77,,,0.69,1195.91,10.49,21,5.43,2,11,1,9,0.0,0.0,3.0,0.0,1.0,0.0,0.0,3.0,False,800.06
62feb561aca92c1599166d1e,79,6.08,79.0,6.08,0,24,8.0,16,0,0,0,0,112.84,8.68,13.0,21.0,7.0,16.0,35.0,,,179.21,98.46,224.01,254.87,0.0,0.0,8.55,15.3,14.95,7.75,,,0.75,1072.98,10.12,21,5.05,2,11,1,9,0.0,0.0,3.0,0.0,1.0,0.0,0.0,3.0,False,756.55
62feb561aca92c1599166d3b,125,8.33,130.0,8.67,2,31,16.0,11,0,2,2,4,208.19,13.01,16.0,28.0,17.0,30.0,50.0,,5.0,191.37,127.28,371.76,505.6,0.0,24.8,6.81,7.15,13.27,10.68,,4.68,0.7,1691.21,9.45,28,6.39,7,16,1,11,0.0,0.0,3.0,0.0,1.0,0.0,0.0,6.0,False,1220.81
62feb561aca92c1599166d44,132,7.33,137.0,7.61,3,32,14.0,14,0,1,1,4,167.24,9.29,18.0,34.0,18.0,28.0,52.0,1.0,4.0,249.07,118.65,351.91,339.44,4.2,13.19,7.68,6.46,13.64,6.42,4.2,3.3,0.64,1612.65,7.79,34,6.09,4,25,0,9,0.0,0.0,3.0,0.0,1.0,0.0,0.0,4.0,False,1076.46
62feb561aca92c1599166d4f,115,6.39,119.0,6.61,1,41,8.0,33,0,1,1,0,167.03,9.28,18.0,30.0,15.0,24.0,46.0,,4.0,262.36,135.23,359.71,378.47,0.0,10.67,9.86,9.13,14.3,9.2,,2.67,0.58,1984.77,9.97,30,6.63,9,18,1,11,0.0,0.0,3.0,0.0,1.0,0.0,0.0,1.0,False,1146.44
62feb561aca92c1599166d52,60,5.0,63.0,5.25,1,19,5.0,14,4,1,1,0,97.81,8.15,12.0,16.0,8.0,9.0,27.0,,3.0,115.73,61.3,127.95,179.75,0.0,11.93,7.37,7.66,15.31,7.23,,3.98,0.66,749.22,8.23,16,5.69,2,10,0,6,0.0,0.0,3.0,0.0,1.0,0.0,0.0,1.0,False,496.66
62feb561aca92c1599166d69,67,4.47,67.0,4.47,0,27,6.0,9,0,0,0,12,163.03,10.19,16.0,19.0,6.0,16.0,26.0,,,144.78,112.99,386.2,379.58,0.0,0.0,7.46,18.83,25.41,12.26,,,0.76,1457.83,16.38,19,4.68,1,10,1,8,0.0,0.0,3.0,0.0,1.0,0.0,0.0,4.0,False,1023.55
62feb561aca92c1599166d7a,196,10.89,209.0,11.61,4,41,27.0,14,1,4,3,0,214.87,11.94,18.0,45.0,24.0,47.0,80.0,3.0,10.0,306.8,174.81,593.7,705.86,7.85,38.91,6.78,7.52,14.11,8.9,2.6,3.73,0.82,2231.53,9.38,45,5.29,4,30,1,14,0.0,0.0,3.22,2.0,1.17,1.0,3.0,19.0,False,1827.93
632bd5da1a4fa806fd718ece,22,3.14,22.0,3.14,0,14,1.0,6,0,0,0,7,61.88,6.88,9.0,6.0,2.0,5.0,9.0,,,95.22,22.83,91.84,100.09,0.0,0.0,17.09,11.42,17.2,10.99,,,0.64,520.96,14.47,6,6.0,1,2,0,4,0.0,0.0,3.0,0.0,1.0,0.0,0.0,1.0,False,309.98
63b638da3a908b0ae3d23684,7,2.33,7.0,2.33,0,6,1.0,4,0,0,0,1,102.46,17.08,6.0,3.0,1.0,,3.0,,,38.84,6.85,0.0,35.3,0.0,0.0,12.95,6.85,,11.77,,,0.78,102.6,11.4,3,3.0,0,0,0,3,0.0,0.0,3.0,0.0,1.0,0.0,0.0,,True,80.99
63d1e39521108a040c8a6c37,78,7.09,87.0,7.91,3,29,10.0,12,3,2,2,7,142.1,11.84,12.0,22.0,5.0,13.0,38.0,,9.0,163.86,44.94,110.39,339.62,0.0,25.36,8.49,8.99,8.97,9.0,,2.8,0.87,756.73,8.32,22,4.14,0,16,0,6,1.0,1.0,4.33,8.0,1.73,1.0,9.0,10.0,False,684.17
6421bcc00ca53e1c39e823bd,42,8.4,45.0,9.0,2,11,7.0,0,2,1,1,4,46.64,6.66,7.0,13.0,4.0,7.0,18.0,,3.0,104.45,28.79,68.4,129.56,0.0,12.33,8.38,7.2,13.1,7.43,,4.11,0.76,424.11,7.71,13,4.23,0,9,0,4,0.0,0.0,3.0,0.0,1.0,0.0,0.0,1.0,False,343.53
64411d4f0b79f10d5ad65baa,38,9.5,41.0,10.25,1,10,5.0,4,2,1,1,1,84.75,16.95,5.0,12.0,3.0,5.0,18.0,1.0,2.0,78.51,23.47,57.56,101.59,0.1,5.43,7.76,7.82,10.49,5.99,0.1,2.71,0.72,391.6,7.39,12,4.42,1,8,0,4,1.0,2.0,4.89,7.0,2.89,7.0,14.0,5.0,False,266.66
64c95026ea2c11082645290b,24,4.0,24.0,4.0,0,17,3.0,7,0,0,0,7,59.09,6.57,9.0,7.0,2.0,4.0,11.0,,,93.93,11.76,102.48,125.43,0.0,0.0,14.14,5.88,23.88,11.9,,,0.58,563.58,13.11,7,6.14,1,3,0,4,0.0,0.0,3.0,0.0,1.0,0.0,0.0,0.0,False,333.6
64c95026ea2c110826452910,89,6.85,100.0,7.69,3,25,11.0,11,10,3,3,3,190.58,14.66,13.0,24.0,6.0,16.0,43.0,2.0,9.0,184.38,45.83,193.6,276.6,5.86,30.34,7.98,8.1,14.63,6.86,2.93,4.05,0.83,900.27,8.04,24,4.67,0,18,0,6,2.0,5.0,5.23,18.0,3.45,16.0,34.0,16.0,False,736.61
64c95026ea2c110826452919,52,8.67,63.0,10.5,3,19,7.0,5,4,3,3,7,94.8,13.54,7.0,15.0,3.0,8.0,26.0,2.0,9.0,214.1,49.33,108.17,1002.33,9.8,39.45,14.48,16.44,13.71,25.8,4.9,4.18,0.64,2531.08,27.81,17,5.35,2,11,0,6,3.0,2.0,7.29,12.0,2.71,3.0,15.0,4.0,False,1423.18
64ca4ce8c0848e2cb26b7b88,44,6.29,47.0,6.71,1,13,4.0,5,2,1,1,4,65.0,9.29,7.0,14.0,3.0,9.0,18.0,1.0,2.0,125.46,21.18,81.03,185.97,12.19,26.84,8.94,7.06,8.65,8.57,12.19,13.42,0.6,1716.46,20.93,14,5.86,1,10,0,4,0.0,0.0,3.0,0.0,1.0,0.0,0.0,1.0,False,452.67
65df6c2e874f0c0b69e2ee30,101,7.77,114.0,8.77,3,27,11.0,7,8,3,3,9,258.58,19.89,13.0,29.0,6.0,19.0,47.0,1.0,12.0,216.03,29.9,183.1,317.84,2.89,36.1,7.26,4.98,8.07,6.81,2.89,2.95,0.92,824.07,7.36,29,3.86,1,22,0,7,1.0,3.0,3.75,10.0,1.39,1.0,11.0,21.0,False,785.86
65e73d65b65cb4036e2eca20,56,7.0,69.0,8.62,3,38,7.0,28,3,3,3,3,207.66,15.97,13.0,15.0,4.0,12.0,25.0,3.0,10.0,141.99,38.55,119.09,196.78,8.69,33.59,10.17,9.64,13.89,8.09,2.9,3.74,0.78,636.05,8.71,15,4.87,0,11,0,4,0.0,0.0,3.0,0.0,1.0,0.0,0.0,8.0,False,538.69
65fdc11d0c1f990241ce0871,35,5.83,35.0,5.83,1,12,5.0,5,0,0,0,2,71.68,10.24,7.0,13.0,2.0,3.0,17.0,,,181.24,15.44,133.39,161.49,0.0,0.0,13.26,7.72,50.85,9.87,,,0.56,752.66,11.95,13,4.85,0,9,0,4,0.0,0.0,3.0,0.0,1.0,0.0,0.0,0.0,False,491.56
66166c7f47ad6b29984d4af7,67,8.38,74.0,9.25,2,15,9.0,4,4,2,2,2,99.09,11.01,9.0,18.0,5.0,12.0,32.0,2.0,5.0,197.53,54.77,100.93,221.22,10.41,12.38,10.8,10.95,9.6,6.97,5.2,2.6,0.86,674.02,8.64,18,4.33,2,12,0,6,1.0,0.0,3.47,2.0,1.47,1.0,3.0,12.0,False,597.24
66a3b9086adb392850489cc4,129,10.75,152.0,12.67,5,33,17.0,13,9,5,5,3,349.69,29.14,12.0,30.0,13.0,32.0,54.0,5.0,18.0,221.18,75.25,353.0,364.03,13.21,51.44,7.65,5.81,11.18,7.08,2.54,2.97,0.83,1257.04,7.81,32,5.03,5,24,0,8,1.0,5.0,4.04,10.0,1.91,7.0,17.0,17.0,False,1078.11
66a3b9086adb392850489ccc,35,4.38,35.0,4.38,0,15,5.0,3,0,0,0,7,61.23,7.65,8.0,11.0,2.0,6.0,16.0,,,127.69,14.39,96.12,160.53,0.0,0.0,14.23,7.2,17.63,9.94,,,0.72,572.97,11.46,11,4.55,0,7,0,4,0.0,0.0,3.0,0.0,1.0,0.0,0.0,3.0,False,398.73
66a493a26adb394eac8afaee,28,4.0,28.0,4.0,0,11,3.0,5,0,0,0,3,109.59,13.7,8.0,10.0,1.0,3.0,14.0,,,107.28,16.37,44.22,155.05,0.0,0.0,11.03,16.37,16.44,12.22,,,0.76,454.52,11.96,10,3.8,0,6,0,4,0.0,0.0,3.0,0.0,1.0,0.0,0.0,3.0,False,322.92
66a493a26adb394eac8afaef,110,10.0,127.0,11.55,5,26,16.0,6,8,4,4,4,225.97,17.38,13.0,32.0,11.0,21.0,46.0,3.0,14.0,236.5,73.96,255.72,337.48,8.12,44.78,8.38,6.44,13.52,7.6,2.71,3.25,0.76,1488.65,10.2,32,4.56,1,24,0,8,1.0,9.0,5.97,39.0,3.5,24.0,63.0,24.0,False,956.56
66a493a26adb394eac8afaf9,21,4.2,21.0,4.2,0,8,2.0,4,0,0,0,2,40.36,5.77,7.0,8.0,2.0,3.0,8.0,,,68.8,11.36,46.3,48.6,0.0,0.0,9.46,5.68,13.97,6.07,,,0.64,259.44,7.86,8,4.12,0,4,0,4,0.0,0.0,3.0,0.0,1.0,0.0,0.0,1.0,False,175.06
66a9a8062c1ea33d50caa111,45,7.5,50.0,8.33,1,12,6.0,6,1,1,1,0,66.49,11.08,6.0,15.0,3.0,5.0,22.0,1.0,4.0,152.36,26.23,100.27,200.3,2.22,11.35,10.61,8.74,24.13,10.61,2.22,2.84,0.75,634.0,10.57,15,4.0,0,11,0,4,0.0,0.0,3.0,0.0,1.0,0.0,0.0,2.0,False,492.73
66ab86c388d894234270be6f,18,6.0,20.0,6.67,1,13,3.0,8,3,1,1,2,88.58,14.76,6.0,7.0,1.0,,10.0,1.0,1.0,80.77,9.71,0.0,67.63,0.84,0.95,11.46,9.71,,6.47,0.84,0.95,0.47,311.05,8.19,7,5.43,1,3,0,4,0.0,0.0,3.0,0.0,1.0,0.0,0.0,,True,159.9
66ac438b9c30f1160705f662,51,7.29,54.0,7.71,2,16,8.0,4,0,1,1,4,107.3,13.41,8.0,14.0,4.0,12.0,21.0,,3.0,187.72,39.64,171.97,190.97,0.0,11.36,14.01,9.91,12.73,9.97,,3.79,0.68,5933.48,70.64,15,5.6,2,11,0,4,2.0,5.0,6.47,23.0,3.8,15.0,38.0,11.0,False,601.66
66bdd09a9c416f14eb7e27d4,136,7.16,144.0,7.58,2,33,14.0,17,2,2,2,2,175.85,9.26,19.0,32.0,19.0,29.0,56.0,,8.0,252.0,126.12,358.99,375.34,0.0,23.33,8.38,6.85,13.26,7.21,,2.92,0.73,1590.1,8.5,33,5.67,7,21,1,11,1.0,0.0,3.71,4.0,1.57,3.0,7.0,10.0,False,1135.78
671021e16dcdb304774b3af5,29,5.8,31.0,6.2,1,9,3.0,5,3,1,1,1,170.97,21.37,8.0,10.0,2.0,5.0,12.0,,2.0,218.31,25.15,252.99,226.82,0.0,3.1,21.83,12.58,54.41,18.79,,1.55,0.58,4695.45,93.91,11,4.55,1,7,0,4,0.0,0.0,3.0,0.0,1.0,0.0,0.0,,True,726.37
6732fabfc915d9284c55acda,34,5.67,37.0,6.17,1,12,6.0,4,4,1,1,2,56.76,9.46,6.0,11.0,2.0,6.0,15.0,1.0,2.0,80.27,15.99,58.44,109.06,2.78,6.59,7.2,7.99,8.77,7.58,2.78,3.3,0.65,440.68,7.34,14,4.29,1,10,0,4,0.0,0.0,3.0,0.0,1.0,0.0,0.0,1.0,False,273.13
67941580c5ae4514acce4ff3,61,7.62,69.0,8.62,3,24,7.0,17,9,3,3,0,123.43,13.71,9.0,19.0,5.0,7.0,30.0,2.0,6.0,185.28,29.95,82.47,159.14,0.3,4.9,9.57,5.65,9.82,5.36,0.15,0.9,0.5,880.72,7.16,19,6.47,6,13,0,6,0.0,0.0,3.0,0.0,1.0,0.0,0.0,,True,462.04
67bdcb0e860c98544cfb9ced,39,6.5,39.0,6.5,1,12,5.0,5,2,0,0,2,66.27,8.28,8.0,11.0,1.0,8.0,19.0,,,87.49,8.4,63.41,117.69,0.0,0.0,7.89,8.4,8.52,7.0,,,0.88,332.08,6.92,12,4.0,0,8,0,4,0.0,3.0,4.3,7.0,1.7,1.0,8.0,6.0,False,276.99
